idx,photo_id,file,time,query,status
1,008215c2-d913-485e-a5aa-553f02d9ab0e,IMG_4363.JPG,2025-11-08T14:35,Low angle view of stone viaduct arches with sunburst and small memorial plaque at base,ok
2,0183e0c8-ae35-4bf5-84e8-e1611c0ffcf7,IMG_5602.jpg,2026-01-20T12:46,Rear view of stripped airplane fuselage on black sand with rainbow,ok
3,01cbb9ed-6a03-4104-9438-f15e8235c085,IMG_4743.jpg,2025-12-16T17:22,Low angle view of illuminated Eiffel Tower at twilight framed by silhouetted bare tree branches against deep blue sky,ok
4,01d5caf2-5c4a-4e33-be08-3f315a4169fe,IMG_4001.JPG,2025-10-15T11:17,"Black compartmentalized tray with rice, sliced chicken leg, beef stew, and red Coca-Cola can",ok
5,0300f3db-48e0-4f25-b74d-0f0fcf169e7b,IMG_5793.jpg,2026-02-13T17:50,Single red rose resting on floral postcard atop lined paper inside white sneaker box,ok
6,03c7c58c-3f9d-47aa-82c4-77e87b664879,IMG_4591.jpg,2025-12-16T12:06,"Wooden table with charcuterie plate, snails, bread basket, and swing-top water bottle",ok
7,048ff40f-e4aa-4b7b-8913-36788c4f48cf,IMG_4003.JPG,2025-10-15T18:37,Half-full glass of milk beside small burger with yellow cheese on white plate,ok
8,065aa239-ccda-40d4-858d-282e654163f1,IMG_4845.jpg,2025-12-18T13:06,French tricolor flag on right pole intersecting diagonal white contrails in blue sky,ok
9,0677716c-6497-46cb-8339-308f11865cf8,55.jpg,2026-07-11T00:41,Low angle shot of white paper towel roll on wood grain table with teal wall and hallway background,ok
10,067e75b6-cd99-4509-b5f3-b2152f62e956,IMG_7022.jpg,2026-06-16T14:32,"High angle view of reservoir with multi-arch dam, rocky foreground ledge, and overcast sky",ok
11,0900eecd-e927-457e-8efd-8214f7a84a16,IMG_5274.jpg,2026-01-18T15:16,Wide cascading waterfall flowing through dark rocky canyon with snow-dusted foreground and frozen ice formations on cliff walls,query_generation_error
12,093c27b5-c430-4301-b471-79daf0524268,IMG_6251.jpg,2026-03-30T11:52,Man in black hoodie and sunglasses standing on path lined with tall cypress trees,ok
13,094cf426-2686-4b3f-8ecc-ca9252123d8c,IMG_3860.JPG,2025-10-05T16:49,Man with glasses and green pants sitting on bench holding large Paddington Bear statue,ok
14,0bc3cade-c8dd-4b26-8d3d-010175d9ace5,IMG_6976.jpg,2026-06-05T14:10,Gravel path beside wire fence leading toward white chalk cliffs and green headland,ok
15,0c1efa10-69af-479b-a18d-5e86f2bbbdf3,IMG_7146.jpg,2026-07-04T19:56,Sunset view of suspension bridge with sun shining through tower and golden reflection on water,query_generation_error
16,0d1a49d3-0725-4024-938d-c95be591cc26,IMG_3533.JPG,2025-09-21T08:28,Fried egg with red sauce in black pan beside wooden spatula under rainbow lens flare,ok
17,0d2da615-1862-4d0a-8aac-4480d271263a,52.jpg,2026-07-11T00:39,Silver hatchback driving away on dark road with metal guardrail,ok
18,0d98335a-e9b8-4284-b1bc-f6341acdbf3c,IMG_4794.jpg,2025-12-17T14:30,"White marble statue of standing bearded man with raised right hand, flanked by two reclining figures on gray pedestal against solid orange wall",query_generation_error
19,0f401309-f2ac-426d-823f-04cb1836c911,IMG_4325.JPG,2025-11-08T12:10,Stone building under rainbow arch with dry stone wall and gravel path,ok
20,0fad92bb-beaf-41db-9a9f-a32eb9194d75,DSCF0159.JPG,2025-12-17T12:48,Rotated low angle view of bronze equestrian statue on stone pedestal with Louvre pyramid,ok
21,1014b2fe-7da4-4600-b8ce-e6a40d170264,IMG_3904.JPG,2025-10-08T13:09,Corona Extra bottle beside white plate with beef and greens plus penne pasta bowl,ok
22,102e7601-7029-42d3-b06b-239ed68bd59f,IMG_6756.jpg,2026-04-24T08:46,Train station platform with child wearing purple Nike backpack walking away near tracks,ok
23,13c2e039-f84f-47b1-b6dd-3f25d65582d1,IMG_5372.jpg,2026-01-19T13:08,Jagged layered mountain ridge with snow patches above dense green conifer forest,ok
24,141a3982-01b8-4b04-89c3-67d3baf7c1a7,IMG_3600.JPG,2025-09-21T12:50,Green lawn with stone bench on left and house visible through trees,ok
25,1454b07a-5c43-44d8-b746-2714534493db,IMG_4293.JPG,2025-11-03T23:29,Open blue rectangular tub of white ice cream with circular indentation and scooped side sitting on desk next to laptop keyboard,query_generation_error
26,149c2dc4-c97a-4b9e-881b-4dc818cb7f5d,IMG_3736.JPG,2025-09-28T12:58,Hand holding Yorkshire Dales biodegradable pot with chocolate ice cream and white plastic spoon,ok
27,14e395df-0177-4f7a-87c5-4be5d52e2fe1,IMG_6864.jpg,2026-05-16T21:58,Person hunched at desk buried under pile of green and purple bedding near laptop,ok
28,14f4466e-edf1-482b-b9d3-abd79c26ade4,IMG_5238.jpg,2026-01-18T12:58,"Wide glacial river with turquoise water flowing over dark volcanic rocks, featuring a central circular whirlpool and scattered white ice patches along the banks under an overcast sky.",query_generation_error
29,1538c6b7-633e-440e-b7bc-aa75e4baa3c5,IMG_6931.JPG,2026-05-28T19:19,Hand holding green Raspberry Pi board over white desk with small white fan,ok
30,1557257f-9985-4f59-afb3-82993124c4fe,IMG_6472.jpg,2026-03-30T17:45,Stone statue overlooking city with Barcelona sign and blue yellow carousel,ok
31,1662c905-c2a6-4a58-b26e-629782fa31e0,IMG_6805.jpg,2026-04-29T22:12,Altera DE1-SoC board with LT24 screen displaying Breakout game controls next to Van Gogh print,ok
32,16632449-f69e-43f5-9544-3e73a51725c4,IMG_7204.jpg,2026-07-07T05:38,"Aerial view of rocky valley with winding road, green YUNAK balloon bottom left, striped balloons right",query_generation_error
33,1baf8330-2e42-4f3c-a6e2-2afa4190a7f7,IMG_5433.jpg,2026-01-19T15:53,View from inside blue ice cave looking up at bright circular opening with dark debris,ok
34,1c62da0e-ad8d-4bea-a8b9-cb5336666d37,IMG_3732.JPG,2025-09-28T12:05,Cluster of brown radially pleated mushrooms growing in green grass with small slug,ok
35,1e35927e-d82c-4d1f-9776-05ba69af047c,54.jpg,2026-07-11T00:41,Dark green metal fence with rounded tops at night showing motion blur and dry leaves,ok
36,1e6d4b27-2dad-49d9-a057-e8bcf2a021f8,48.jpg,2026-07-10T23:00,Dutch angle view from bed showing black backpack on floor and laptop screen,ok
37,1ffc58b3-3735-4c91-a001-632536e13f29,IMG_3431.JPG,2025-09-16T12:14,Open plan room with dark green leather armchairs and white dining table with bench seating,ok
38,21a6290b-894f-4d97-a919-b1f3f4e36c01,IMG_6697.jpg,2026-04-23T15:40,"Canal view with wooden bridge, orange building, white boat foreground, and Biennale Arte banner",ok
39,2291ec07-46aa-41d5-b833-76338d1784ce,IMG_2685.JPG,2025-08-13T17:13,Person wrapped in light blue towel wearing blue swim cap sitting beside indoor pool with orange lifebuoy on pillar,ok
40,22b76be1-c238-41cb-91b8-66bab64d2733,IMG_6451.jpg,2026-03-30T15:22,Person in black hoodie viewed through stone arch overlooking coastal town and beach,ok
41,22c888ca-88ba-4a6f-9adc-2ad9647c8f68,IMG_6239.jpg,2026-03-28T22:08,Man in black leather jacket and light blue jeans standing before wavy stone building facade,ok
42,22ca39ae-bf22-41a2-bfa4-db4083f25f05,DSCF0644.JPG,2026-01-19T12:03,Silhouetted person holding ice chunk on black sand beach with sunburst,ok
43,23b4836a-78a1-4478-809b-79d53a4a1569,IMG_7148.jpg,2026-07-04T19:56,Suspension bridge silhouette with sun bursting through tower over rippling water and cloudy sky,query_generation_error
44,23bb4ed9-a146-429a-bb5b-0e65d5222a3a,IMG_4795.jpg,2025-12-17T14:30,Weathered grey hooded statue with hands crossed on chest in orange display case,ok
45,24176ee3-9b7e-4680-a54a-f17aebe74575,9.jpg,2026-07-09T19:22,"Office desk with 2025/26 calendar, laptop showing man and woman dining, black mousepad, silver mouse, water bottle",query_generation_error
46,251f913b-febc-4d5b-99b5-eb359f7ec45b,messi.jpg,2023-08-17T15:17,Soccer player in blue and red striped UNICEF jersey kicking yellow ball,ok
47,25d688b6-d2e6-4ec9-810d-569057d631f4,40.jpg,2026-07-10T21:50,"Blurry room with glass wall, colorful dot stickers, and stacked board games on table",ok
48,27373c36-53c3-46a9-aff2-2df31eb9662a,IMG_5714.jpg,2026-01-21T14:29,"Tall grey concrete church with stepped spire, clock faces, cross top, and foreground swing set",ok
49,27750a06-bb2d-493e-91b2-714451237bcd,ScreenShot_2026-03-01_201451_891.jpg,2026-03-01T20:14,Woman in plaid shirt sitting on beach shaking paw with yellow Labrador wearing harness,ok
50,27dda8b7-ec45-4515-b964-97d9d0db037b,IMG_3735.JPG,2025-09-28T12:50,Stone Cow and Calf Cafe building next to white tent with clear plastic walls,ok
51,2903d342-a88f-4adf-9443-74e38a9728d0,IMG_4844.jpg,2025-12-18T12:36,Buckwheat galette with meat sauce and runny egg yolk on wooden board with green juice,ok
52,29b6dfba-745a-443e-a488-5f2b8050fcbe,IMG_6696.jpg,2026-04-23T15:40,Blue and white Polizia Locale boat on canal near white arched footbridge and brick building,ok
53,2a03072b-d4d4-41e5-b230-8402740d09ac,IMG_3996.JPG,2025-10-14T22:31,Blue Tylls crisp bag and green interior Wisconsin mug on desk before laptop,ok
54,2a628711-984a-4fbc-ab9d-0b1e0c75250c,IMG_3605.JPG,2025-09-21T12:56,Blue hatchback and grey pickup truck driving past red brick terraced houses below grassy slope,ok
55,2b3d579b-7fd7-4ec1-a990-11d99a3a47d7,IMG_3626.JPG,2025-09-22T15:38,Two brown rabbits on grass near wooden fence with concrete posts and metal pipes,ok
56,2b8d8f53-6a5e-4db7-96b0-d04f69600fed,IMG_5995.JPG,2026-03-07T14:08,Hand holding Flourish & Joy Pastel Posy bouquet with pink daisies and six pound price tag,ok
57,2bc2a0f0-61b7-41a4-862b-31e64a364b96,IMG_5756.jpg,2026-02-01T09:42,Slice of layered cake with white frosting and green powder ghost face design,ok
58,2cc06afe-2636-4dd4-b52a-8ccdb207c760,IMG_3865.JPG,2025-10-05T17:28,Two ceramic ghost figurines beside York Ghost Merchants box on wood table,ok
59,2da7b9af-4114-4d22-a875-22733ad3cda8,IMG_3597.JPG,2025-09-21T12:39,Stone arch viaduct over river with white rowing boats and closed black umbrella,ok
60,2f690200-500b-4cfb-bf24-50b8738ca9c5,3.jpg,2026-07-09T18:59,Office cubicle desk with 2025/26 calendar and laptop playing Seinfeld,query_generation_error
61,300ca0ee-7f61-4878-8c63-945c39b8ac00,IMG_6485.jpg,2026-03-30T18:10,Man in black hoodie and sunglasses leaning on stone balcony next to standing statue,ok
62,3029efe2-bc02-4e95-ba32-0b76e55b3806,IMG_4379.JPG,2025-11-09T17:31,"Brown ceramic mortar containing beef, green vegetables, fried tofu, and wooden pestle",ok
63,303e0e16-6435-4362-9ec1-4ae33b4150ca,IMG_7072.jpg,2026-07-04T14:56,"Low angle view of a tall cylindrical stone building on a wet cobblestone street corner, flanked by an LC Waikiki sign on the left and an ornate awning with hanging lanterns on the right.",query_generation_error
64,30bb611f-891b-44e0-87c3-48c248ef3f05,IMG_6817.jpg,2026-05-01T10:38,Blue DE1-SoC FPGA development board connected to black Sony headphones via audio cable on light wood floor,ok
65,3130bd1a-19c2-4dc7-81ff-80c1fd1658ba,IMG_3994.JPG,2025-10-14T18:29,Halved avocado on paper towel next to white bowl with dark liquid and water bottle,ok
66,31e9d31e-86db-4456-8cd6-7858e91a6994,IMG_6721.jpg,2026-04-23T16:35,Ornate cathedral facade with five arches framed by three tall red poles against blue sky,ok
67,34381745-9c07-48a0-bf92-6825200fbcc3,IMG_6725.jpg,2026-04-23T16:50,White egret standing on mossy rocks preening with long plume against green rippling water,query_generation_error
68,34e3b064-30c5-4693-9155-6badb006dd5a,IMG_3566.JPG,2025-09-21T10:49,Person in black jacket and white sneakers sitting on bench giving two thumbs up,ok
69,35123b58-a7cf-40a0-8fb2-f82163301b7f,IMG_4139.JPG,2025-10-19T22:24,Open Co-op Seriously Smooth vanilla ice cream tub with piped peaks beside backlit laptop,ok
70,36b6f4ea-e48f-43c0-906c-2506a315f27c,IMG_3717.JPG,2025-09-28T11:29,Person in long white dress with small black backpack shielding eyes on grassy field,ok
71,3afe795e-3cb1-4872-a1a9-9ebc2a269cdc,IMG_3789.JPG,2025-10-01T09:01,White laptop displaying Module Staff page beside black Audi thermos in lecture hall,ok
72,3bd1714f-6d62-4086-a69b-b13b1e36a537,IMG_7230.jpg,2026-07-07T17:48,"Wooden deck with beige lounge chairs, open white and navy umbrella, closed umbrella on left, orange lifebuoy on rope railing overlooking sea",query_generation_error
73,3dcb64e6-e749-4ae0-ae63-db22ef6cdd5b,IMG_5687.jpg,2026-01-20T21:58,Night sky with vertical pink aurora beam and bright lens flare in bottom right corner,ok
74,3dea87f5-9764-4252-92ac-9c51a8fe045c,IMG_5729.jpg,2026-01-17T15:13,Black sign reading Exit to Iceland with left arrow and map outline,ok
75,3f61fdbf-3b0e-412f-9e9b-68896c636a3d,IMG_5108.jpg,2025-12-26T14:08,Taxidermied white sheep standing on straw-covered base inside glass display case with metal posts,query_generation_error
76,3f7257f2-afec-4cd4-8207-a7f92f18ddd8,IMG_6807.jpg,2026-04-30T16:03,Green PCB LCD screen displaying SNAKE game menu with terasic LT24 branding,ok
77,405560df-6f36-4bab-b7b2-9078e7232b0c,IMG_4357.JPG,2025-11-08T14:28,Person in black jacket walking on dirt path toward long stone viaduct with sunburst,ok
78,408fd523-4c21-4a31-84ef-3dad62e34e10,IMG_7233.jpg,2026-07-07T17:52,"High angle view of coastal deck with white canopy, black gazebo, and wooden stairs",ok
79,4180336d-6b38-4915-a48c-7def6f17f797,IMG_6304.jpg,2026-03-30T14:14,Two seagulls standing on rocky sand with water line in background,ok
80,42403971-7fd9-4540-ab5e-65050b91b226,46.jpg,2026-07-10T22:24,Black backpack on floor beside wall-mounted white heater and narrow vertical mirror,ok
81,42991099-b994-4a4e-830c-b6b703f98df6,IMG_6456.jpg,2026-03-30T15:24,View through rough stone window of blue sea with small rocky island and gray rectangular box on patio,query_generation_error
82,42d31dd9-ade5-44dc-a059-3baca948636f,IMG_6473.jpg,2026-03-30T17:45,Stone statue back view overlooking dense city and sea with white BARCELONA letters on terrace below,query_generation_error
83,43e84386-630d-4ef0-9933-75a2a42a03a8,IMG_3730.JPG,2025-09-28T12:03,Upside down selfie of person wearing blue harness and purple sunglasses above valley,ok
84,4543d749-5fb7-4cfc-ac96-7a70da2103f3,IMG_5824.jpg,2026-02-15T10:42,Bare leafless tree with metal guard standing on green lawn before stone building bay window,ok
85,45980745-de4d-48a2-ac01-05720e5fe1a1,IMG_3846.JPG,2025-10-05T11:39,Low angle view of Gothic cathedral facade with dark tree silhouetted on right side,ok
86,4632827c-f6bd-4709-96c3-808fce548b4c,IMG_5562.jpg,2026-01-20T10:32,White church with red steeple near black sand beach and sea stacks,ok
87,46f698e3-fccd-4f39-92be-da63a65e8736,IMG_6977.jpg,2026-06-05T14:17,"White chalk cliffs viewed over a garden of white irises and green bushes, with a small wind turbine on the left hillside.",query_generation_error
88,476c1f26-d1ce-4c93-ba26-663ec4d5021f,IMG_6085.jpg,2026-03-27T16:34,Low angle view of Gothic cathedral facade with crowd on steps and scaffolding on left,ok
89,47a47247-36d8-4b4a-8087-3dc833282765,IMG_6250.jpg,2026-03-30T11:49,Tall cypress trees framing stone steps leading to red-domed seaside gazebo,ok
90,47ad8568-d2ab-4adc-84d6-fa3017a67ea3,IMG_5799.jpg,2026-02-14T15:34,Low angle view of stone building with arched windows beside large bare weeping willow tree,ok
91,47f40bab-54c4-4cdf-bb1f-f9cc671b2ed9,IMG_7167.jpg,2026-07-05T20:25,Black curved street lamp on rooftop overlooking twilight town with large conical rock formation,ok
92,4b7e8166-32f1-4115-bd63-7421b4014022,IMG_4605.jpg,2025-12-16T14:02,Low angle view of winged female sculpture holding sword above soldiers on stone arch,ok
93,4bf6cae2-c4de-4cc2-86db-d40be5ea40dd,2.jpg,2026-07-09T18:57,"Desk with purple 2025/26 calendar, laptop showing blonde woman on ABC News, two water bottles, and silver mouse on black mat",query_generation_error
94,4e3c874e-2719-4b07-b241-48b332c55b55,DHBP1187.JPG,2025-08-13T11:56,"Rotated dim sum table featuring bamboo steamers, black cupcakes, and white dumplings with broccoli",ok
95,4f236585-dd5a-479e-bb7e-0ca98da7227c,IMG_3624.JPG,2025-09-22T15:37,Three brown rabbits on green grass near a wooden fence with concrete posts,ok
96,519be45f-a557-4be6-80df-753d415b3fcd,IMG_4878.jpg,2025-12-18T16:15,Hand holding smartphone displaying summer tree-lined path against background of bare winter trees,ok
97,5417574b-bd16-4755-9467-3a58b5159e18,24.jpg,2026-07-10T16:27,Low angle view from textured yellow sofa looking toward blue curved couch and pink Unipol Donation Station screen,query_generation_error
98,547b5ec7-4562-4189-80ca-df92b4ffaf3b,IMG_3760.JPG,2025-09-28T16:01,Four mallard ducks swimming in shallow river with visible rocky bottom,ok
99,555a91f9-6223-4059-a293-0fce6ad5a9c1,IMG_6935.jpg,2026-05-29T16:53,Unfused perler bead pixel art of bearded man in blue coat waving on pegboard,ok
100,561c1a41-234b-4407-bb98-74c62b8a68c2,IMG_4159.JPG,2025-10-23T09:56,Golden brown croissant on white plate beside small Yakult bottle with red foil cap,ok
101,57acd77b-ff5d-4d99-ab4f-1b5f3a1f49cd,IMG_6083.jpg,2026-03-27T14:42,"Rectangular metal tray of seafood paella with large prawns, mussels, and four white dollops",ok
102,5898d910-9df9-4df3-a8f4-1ee086de4f0f,IMG_6820.jpg,2026-05-01T10:39,Black Sony headphones connected via audio jack to DE1-SoC F36 FPGA development board with white USB cable on wood,query_generation_error
103,59660de8-373f-4432-8045-ac8bb0a0b373,IMG_5686.jpg,2026-01-20T21:48,Green aurora borealis bands above dark horizon with blurred road guardrail and purple lens flare,ok
104,59b9e64e-1e39-44d1-85e9-802aea3fab06,IMG_6130.jpg,2026-03-27T20:28,Glass with ice and purple flowers next to FOCO bottle and striped straw,ok
105,5a6309a6-7169-418b-b165-007af67b3159,IMG_6655.jpg,2026-04-22T14:03,Hand holding white card with red MAGNET label and Creation of Adam hands,ok
106,5a63d00a-3855-4a9b-a0a4-f9faebe5fcef,IMG_3618.JPG,2025-09-22T11:44,"KFC meal tray with Pepsi cup, signature fries packet, and two fried chicken pieces",ok
107,5ce18d0c-4df9-4937-97ce-e63a096dd2fd,IMG_3589.JPG,2025-09-21T11:09,Stone arch viaduct spanning river with rowboats moored in foreground and hillside town buildings,query_generation_error
108,5d5af1a9-8f05-49e8-b039-e89dd28228c4,apple.jpg,2023-08-19T07:24,Red apple with two bright highlights resting on a yellow pencil against green background,ok
109,5d818024-bd9a-46d7-bd90-ee37b3ec5fb7,IMG_6216.jpg,2026-03-28T16:36,Low angle interior view of faceted stone columns with red and green stained glass windows above a black ribbon railing,query_generation_error
110,5ebe2426-672b-42d4-bf15-f7bf99df9a69,IMG_3606.JPG,2025-09-21T13:08,Town square with central stone Celtic cross monument surrounded by benches and bronze statues,ok
111,5f9950c1-0229-48dd-8970-a749bdd391a5,IMG_5254.jpg,2026-01-18T14:34,Three Icelandic horses in muddy field with silver trough and distant highway,ok
112,615da437-d0d9-4b6b-8bd5-88138a6eb0fb,IMG_5255.jpg,2026-01-18T14:34,Three Icelandic horses standing on dry grass next to a silver metal trough,ok
113,62419d85-161f-4c3d-88a6-40beb3572dcf,IMG_7065.jpg,2026-07-04T10:51,Interior with blue gold embroidered sarcophagi red carpet white turbans stained glass,ok
114,6259fe71-41c8-4fdf-9970-65ae8f25368a,57.jpg,2026-07-11T14:22,Low angle shot of wood grain table surface with white paper towel roll on right and hallway background,query_generation_error
115,64e62359-4484-44ba-ab28-adac384e70b6,IMG_5136.JPG,2026-01-02T13:12,Roasted chicken inside crinkled aluminum foil with white wine bottle visible,ok
116,64edb31f-ca8e-4701-a8e7-a5827f9d8286,IMG_6474.jpg,2026-03-30T17:46,Stone spire with spherical finials flanked by two robed statues overlooking forested hills,ok
117,657d988b-853a-425e-8e25-14418c64a90a,IMG_8989.jpg,2026-07-04T19:04,Two-minaret mosque behind bridge with white bus and red Coca-Cola umbrella,ok
118,66105754-421c-4508-b77b-a812815e2d46,IMG_3979.JPG,2025-10-13T16:22,Open spiral notebook with hand-drawn full-bridge DC-DC converter circuit diagrams and red handwritten notes on a light blue desk next to a black mouse and printed worksheet with a pen.,query_generation_error
119,66316c0c-70f9-4225-b50b-b31a4030d4e1,DSCF0009.JPG,2025-12-16T12:01,Arc de Triomphe framed by bare winter trees with person running and white box truck,ok
120,66c33c06-1ab7-424d-9770-a600144da967,155.jpg,2026-07-12T21:50,"First-person view of a silver laptop on a black mat, with a hand using a mouse, a glass of orange juice, and a paper towel roll on the left.",query_generation_error
121,66f5a68d-c849-4087-8d34-9af6cfe82b24,23.jpg,2026-07-10T16:25,Low angle view from textured beige sofa showing blue curved couch and pink Unipol Donation Station screen,query_generation_error
122,68b33732-5efa-4df8-8de4-7f424a46a012,IMG_6215.jpg,2026-03-28T16:36,Low angle view of faceted stone columns with red and green stained glass windows,ok
123,6a27138a-3404-4cb4-bfbd-af8fecfbda51,29.jpg,2026-07-10T17:17,Low angle shot of smartphone and silver USB hub on wooden desk with bed background,ok
124,6b3ac07e-e8e6-47ca-9411-d120309d1997,64.jpg,2026-07-11T14:33,Hand holding yellow sponge at sink next to blue rice cooker and green dish soap,ok
125,6b6097c3-45d0-497f-bfc3-1d24ecf02ec3,DSCF0543.JPG,2025-12-25T15:48,Rotated vertical street view of stone building with blue scaffolding and hanging snowflake lights,ok
126,6b836ed8-7ed6-42e7-b863-6e49c7ee61b8,finger.jpg,2023-08-22T16:24,Left hand with six fingers wearing blue smartwatch displaying 282 on white surface,ok
127,6bcba9ec-c7b5-4b76-b768-ec1306980307,IMG_5340.jpg,2026-01-19T11:48,Scattered translucent ice chunks on black sand under golden sunset sky,ok
128,6c0fdd89-b437-4108-851e-7d587d031962,IMG_4721.jpg,2025-12-16T15:42,Silhouetted Eiffel Tower behind sun with boat roof and birds in foreground river,ok
129,6d2f2d93-e83f-4b16-9dd5-3e4c3eb38c99,IMG_3650.JPG,2025-09-24T09:58,Lecture hall view showing student in white FILA hoodie and blue backpack with yellow zippers,ok
130,6f2a8871-e6a8-43c4-ac58-bbdf7cef2fed,IMG_7340.jpg,2026-03-27T18:46,Top-down view of two people standing on gray square tiles with embossed four-petal flower patterns.,ok
131,705b3b42-0130-46ce-b064-70a170f83433,IMG_3535.JPG,2025-09-21T09:06,"Street view with purple Rose Bowl sign, white church spire, and domed clock tower",ok
132,7093b988-05b2-4e58-ba0e-88ea6d8afdc8,IMG_3642.JPG,2025-09-23T14:39,"High-angle view of a grand arcade with a white lattice glass dome, colorful arched shop doors on the upper balcony, and a central circular staircase surrounded by cafe tables.",query_generation_error
133,70f7f639-2b36-4ea8-b75c-4038c430e966,IMG_4231.JPG,2025-10-28T15:09,"Lecture hall with curved ceiling lights, three stability analysis screens, white hoodie student, foreground laptop",ok
134,71373b64-86dc-4605-946c-a0c879166e87,IMG_3591.JPG,2025-09-21T11:10,Row of cream wooden rowing boats moored beside dark building with stone viaduct background,ok
135,71f524fc-f6e0-4f09-b0b1-3dd29de378b6,IMG_3712.JPG,2025-09-28T11:18,Group wearing green orange and yellow helmets climbing on large grey boulders near heather,ok
136,72bb70ef-8b44-4099-81c9-929b8341cf19,IMG_4738.jpg,2025-12-16T17:11,Low angle view of illuminated Eiffel Tower at dusk with bare tree branches silhouetted on the left side,query_generation_error
137,733a8052-96a6-4576-9ecc-1994e1be17ff,IMG_3402.JPG,2025-09-15T02:22,Two black suitcases on bed near desk with under-cabinet LED strip and gray acoustic panels,ok
138,746ca87c-3828-4b74-bc28-c3110776bfb3,IMG_4318.JPG,2025-11-07T22:29,White bowl of green liquid with blueberries and spoon in front of grey laptop,ok
139,7721b9d0-9e5f-42db-9bc2-e0aba5355ac3,IMG_3585.JPG,2025-09-21T10:56,Rotated photo of man with blue patterned backpack leaning on railing overlooking stone arch bridge,ok
140,77873ed2-4202-44ff-99f6-e4c2d5281af1,IMG_6305.jpg,2026-03-30T14:14,"Two seagulls on sandy beach, one looking up with open beak, pigeon below",ok
141,7bb0c6eb-d8a4-4a2b-83fd-94bd4a7d5a9a,IMG_6645.jpg,2026-04-22T12:16,Marble relief panel with four theatrical masks on pedestal labeled 19,ok
142,7c9208f6-daf5-41f7-a7c7-bd920eb8a51b,ba075670b54cd633162582b8f8aee7f1.JPG,2026-01-20T09:48,Vertical purple aurora beams with green tip and faint yellow horizon glow,ok
143,7d815437-022b-4e66-a8fa-6454bdbc5a08,IMG_4953.jpg,2025-12-20T15:55,Stack of eight plastic meal prep containers with brown sauce next to a blue patterned bowl with chopsticks and a Haden induction hob,query_generation_error
144,7dd03d88-dcb6-44f6-a62c-d54d8c865551,IMG_6654.jpg,2026-04-22T13:02,Ornate vaulted ceiling frescoes above large battle mural with horses crossing river,ok
145,7eb8d312-bc5e-4233-a20e-9be1c930cb5b,IMG_5414.jpg,2026-01-19T15:36,Close-up texture of fractured blue ice with scattered dark specks and white crystalline patterns,ok
146,802753f1-429c-4b78-8ba0-6ca44866a86c,IMG_6307.jpg,2026-03-30T14:14,"Sandy beach with white waves, rocky island on left horizon, and distant boat on right",ok
147,811baf55-c8fe-4434-aee5-000ac5236c53,38.jpg,2026-07-10T21:21,Low angle view of scattered LEGO Minifigure Puzzle pieces on wood grain table with box,ok
148,81c08ca9-fcd3-4337-a286-9041c7acc7eb,IMG_3739.JPG,2025-09-28T13:54,Four-topping pizza with pepperoni and olives beside skillet wings and Coca-Cola glass,ok
149,81cb4867-f6b9-44fb-ae02-42a6e811c3b9,IMG_3917.JPG,2025-10-09T10:37,"Three screens displaying inverse Laplace transform notes, green patterned mug, and handwritten notebook with pen",ok
150,829ca0b8-2035-42b2-b8e4-333649fe6825,IMG_E3714.JPG,2025-09-28T11:24,Carved stick figure on gray stone with D shaped head and 98 body,ok
151,82d677ad-8e68-4e61-b879-7cb8fcbc80b5,IMG_4280.JPG,2025-11-03T11:13,Beige bowl with curry and rice next to naan in serrated paper wrapper,ok
152,8653a9ab-ef6e-4244-b4cd-4790e2f0b8c1,DSCF0390.JPG,2025-12-24T15:07,Large illuminated EDINBURGH sign on grassy slope with white snowflake barrier and striped helter-skelter,ok
153,87fb0349-0151-4d29-8107-14eee920f05f,IMG_3620.JPG,2025-09-22T14:48,Hand holding cheese pizza slice in white napkin with blurred brick building background,ok
154,8a11f74a-bc08-4a8d-9ad0-718b7809f29a,IMG_4809.jpg,2025-12-17T15:03,Small framed portrait painting centered inside large glass display case with wooden base,ok
155,8b5e3a12-c49a-4069-a25e-978ca1aec83b,IMG_6118.jpg,2026-03-27T17:04,Photomosaic portrait of smiling face composed of small reddish-orange square tiles with blue eye patch,ok
156,8c82dbd1-852d-44a8-beae-400e4e1aa509,IMG_5109.jpg,2025-12-26T14:08,Taxidermied white sheep standing on straw inside glass display case with brick wall background,ok
157,8dc19a3e-21e9-4f78-aff9-578fdd9acae0,IMG_4381.JPG,2025-11-10T10:09,Black frying pan on induction hob containing bean stew with sliced sausages and wooden spatula,ok
158,8e33ff57-422c-4667-8947-77280cc0840f,IMG_4013.JPG,2025-10-17T13:27,Red Bull can beside Tesco Falafel box and plastic fruit container with fork,ok
159,9019c9c4-9f94-4b34-988b-4b9751db3d41,IMG_6653.jpg,2026-04-22T13:02,Ornate frescoed ceiling with illusionistic architecture above a large wall mural depicting a chaotic battle scene with horses and soldiers crossing a river.,query_generation_error
160,909bbe99-db30-4ca7-a9e9-4af4e149c0f0,IMG_5380.jpg,2026-01-19T14:58,Dark rippled ice sheet with deep diagonal crevasse under cloudy sky,ok
161,90cb7a9f-bd4e-4dd1-94be-5d67aee60ae5,IMG_3690.JPG,2025-09-26T17:31,Restaurant interior with two older men eating at blue table and woman in denim jacket,ok
162,90e9b3a9-91fe-4953-8072-5a1afcaf0a17,IMG_5806.jpg,2026-02-14T15:38,Canada goose swimming in river near wooden boat numbered 021 and stone bridge,ok
163,916a4332-4ffd-40d6-aaee-702b09dfa248,50.jpg,2026-07-11T00:34,"Night street with double yellow lines, brick building with mesh windows, and distant tower block",ok
164,92e3c2c5-733d-4ac6-af00-4bae72c74c23,IMG_5335.jpg,2026-01-19T11:42,Faint rainbow arching over brown tundra hills with scattered snow patches and roadside puddle,ok
165,932e7fea-9bcb-41be-9c27-d67e94068d14,44.jpg,2026-07-10T22:19,Glowing orange circular button on white device next to wall USB port,ok
166,93a0992c-67f3-42c5-8fe4-57f15fae08d9,IMG_6700.jpg,2026-04-23T16:09,Wide canal view with white motorboat bottom right and red awnings on right bank,ok
167,94a09b2f-b543-4413-a618-b67494e79886,DSCF0106.JPG,2025-12-16T13:05,Man in blue jacket and sunglasses standing before stone pillar engraved with Smolensk and Polotsk,ok
168,950beb2e-3d0a-4526-b893-54b70437240d,IMG_5974.jpg,2026-03-05T22:59,Green soufflé overflowing white ramekin onto dark oven floor with spilled batter,ok
169,9519ef38-0915-4a2d-8b0e-50c0c96daecf,IMG_3640.JPG,2025-09-23T14:36,Low angle view of white lattice dome ceiling over circular balcony with green mural staircase,ok
170,9594e0c7-3d36-4a18-8b85-0783cba560dc,IMG_6757.jpg,2026-04-24T13:06,Large white brain sculpture decorated with colorful flowers on a pedestal reading YOUR BRAIN WHEN YOU BELIEVE IN YOURSELF,ok
171,966a8590-8480-48f3-be1f-f2fa531f6205,IMG_4296.JPG,2025-11-04T18:24,Orange Just Eat mug beside shrimp bowl and celery chicken dish with rice,ok
172,96e87fc2-4510-483b-baf1-e59130560f0d,IMG_3981.JPG,2025-10-13T18:37,Tyrrells chip bag with red pepper graphic beside metal bowl of green yogurt with berries,ok
173,96f4927d-cafd-428c-8dab-4d305cc51094,IMG_2713.JPG,2025-08-13T19:52,"Black cast iron grill with foie gras, red apple slices, and mushroom vegetable skewer",ok
174,973f4d73-23e2-431e-a295-ad940430928c,IMG_6455.jpg,2026-03-30T15:24,"View through rough stone archway showing blue sea, central reddish rock island, pine branches, and gray rectangular box on paved ground",query_generation_error
175,989878b7-1b1e-44cd-b9d5-85c3d640e1cc,IMG_3756.JPG,2025-09-28T15:27,River flowing past green grass bank with fallen log and yellow-green trees,ok
176,9adc667d-70c4-414b-a8b0-c1ae46956129,IMG_3849.JPG,2025-10-05T12:56,"Overhead view of a wooden mixed grill platter featuring a round burger patty, two reddish sausages, chicken wings, skewered meat, and sliced flatbread arranged along the bottom edge.",query_generation_error
177,9bb40500-61de-48f7-bd48-b9802c9a4f3f,27.jpg,2026-07-10T17:10,Low angle shot of smartphone and silver USB hub on wooden desk with bed background,ok
178,9c8b0001-5dfa-40d5-bbf7-07144331be01,gradient.jpg,2023-08-17T09:58,Hard Sudoku puzzle grid with 6 in top row and 8 in bottom right corner,ok
179,9cb1054c-9700-4ce5-baf8-b8852fbbcce8,IMG_3397.JPG,2025-09-14T19:09,Hand holding sandwich in foil wrapper next to open milk bottle on white table,ok
180,9cca0a28-da94-4fbf-ac77-5d47300bf6d2,DSCF0692.JPG,2026-01-19T12:35,Vertical photo of large blue iceberg floating next to dark rocky shore,ok
181,9cce813d-d38b-4430-b2a4-f7ee4b4d978f,IMG_3622.JPG,2025-09-22T15:28,Hand holding green drink with brown paper straw and three cartoon boys on lid,ok
182,9d5f21e9-d447-4079-96f0-41ef8c4c9e24,IMG_4097.JPG,2025-10-18T15:00,White calf with dark rear patch standing before dry stone wall,ok
183,a00ca774-d928-445e-826e-406fce3667de,154.jpg,2026-07-12T21:49,"Silver laptop on black desk mat with hand on mouse, glass of orange juice, and purple-capped water bottle",ok
184,a00e23ae-20d8-438f-9acd-44e402adba2c,IMG_6503.JPG,2026-03-30T12:19,Man in black Adidas sweatpants leaning back on railing with head tilted up,ok
185,a01fe3c8-35f5-4e27-9686-dcdf6eba6e1a,IMG_3587.JPG,2025-09-21T10:57,Rotated stone war memorial cross with red poppy wreaths and people,ok
186,a07cb91f-6679-40b9-bd8a-1e47741b2cbb,138.jpg,2026-07-12T21:32,First-person view of a white wire drying rack held by a right hand near a window with blue twilight light,ok
187,a100d0a7-2046-4260-82ef-8bb2726f31cf,Cambridge_food.jpg,2026-02-25T20:15,Large hollow Yorkshire pudding beside sliced roast meat and carrots on ridged white plate,ok
188,a1728ea2-a57e-4aa4-b94d-1715f10962d6,IMG_3638.JPG,2025-09-23T13:24,Hand holding orange water bottle with white house fork logo and matching flyer,ok
189,a219c543-0d0e-4b2f-a4b8-d066388fdc56,IMG_7248.jpg,2026-07-08T12:53,"High angle view of rocky cliffside with wooden stairs, white canopy platforms over blue sea, and distant mountains",ok
190,a39684ed-7a1e-451c-a671-0c0192d3dc5a,67a8cc4e09c061830f5915fd46954719.JPG,2026-03-05T23:12,Green matcha basque cheesecake with charred top and vertical side cracks on parchment,ok
191,a4b2a865-2d65-4284-a18c-121d35134b46,IMG_3654.JPG,2025-09-24T12:09,"Bowl of red soup with black spoon, fried dough sheet, and cilantro on wood table",ok
192,a69f5dd4-4b4d-4536-978b-6c6bb236b5a3,IMG_6306.jpg,2026-03-30T14:14,"Sandy beach with white waves, rocky island on left horizon, and distant white boat",ok
193,a703a0b4-9f50-44f8-a20d-169a3468b28e,IMG_5331.jpg,2026-01-19T11:42,Faint rainbow arching over brown tundra hills with irregular white snow patches,ok
194,a7074794-6398-4ccc-afec-04e147371c54,IMG_3776.JPG,2025-09-30T08:41,Steaming glass of amber liquid beside seeded bread sandwich on white plate,ok
195,a7b53891-9566-449e-80f5-c0eb72bd1795,DSCF0748.JPG,2026-01-20T10:53,Rotated view of black basalt columns framing distant sea stack and person in yellow,ok
196,a8ad9ea0-2ab7-41c1-ba16-44c32a2f1535,XARA7704.JPG,2025-08-13T21:46,Rotated ninety degrees aerial night view of rainbow illuminated lattice tower,ok
197,a8cc020c-3526-4684-b8ec-bc16f7a3ee7b,IMG_4577.jpg,2025-12-15T14:35,Airplane cabin interior with red ambient lighting and Jet2 Venice overhead bins,ok
198,a8dfd7d7-7f42-4354-b567-6f0e331a87d7,IMG_7176.jpg,2026-07-07T05:02,Hot air balloons at dawn seen through bus window with yellow oval light reflections,ok
199,a8eacbf7-6533-4cc8-b3b7-52c20b6395d2,IMG_7206.jpg,2026-07-07T05:38,Aerial view of rocky fairy chimney landscape with winding road and hot air balloons including one with vertical black stripes,query_generation_error
200,a92c780d-1fa0-46d8-9acd-60d18f30cc45,IMG_4855.jpg,2025-12-18T13:30,Large blue rose window above row of tall narrow stained glass lancet windows,ok
201,aa7b31c3-63c0-4846-b00c-a84adf06963b,DSCF0410.JPG,2025-12-25T13:48,Rotated photo of person wearing navy Stussy Paris sweatshirt facing stone columns,ok
202,ac0e5098-856b-4814-9b3b-84db00511f06,IMG_3963.JPG,2025-10-11T12:12,"Fish counter display with salmon, stacked prawn boxes, and striped lobster tails on ice",ok
203,ac2e92e2-2c06-4c28-be0e-e68256b2859a,IMG_4957.jpg,2025-12-21T15:40,Freezer interior with three-tier dumpling storage rack holding white plates and black tray,ok
204,acd9aff2-bce8-4fab-926c-fbbe9d605408,IMG_3674.JPG,2025-09-26T10:20,Ciabatta sandwich with greens and orange sauce on white plate beside half-full milk glass,ok
205,ace3a3b2-36a2-496e-aade-0ad7e0eff3c9,ECD0127C-9ECF-440A-A512-7B404B4665F6.JPG,2025-12-19T20:03,Low angle night view of golden illuminated Eiffel Tower top against dark cloudy sky,ok
206,ae4ac1f7-b7da-42cb-befa-a3f7cbb9fd81,IMG_6660.jpg,2026-04-22T15:07,(generation failed),query_generation_error
207,af5cea77-d075-444f-966f-9efbe1351259,IMG_7225.jpg,2026-07-07T05:57,Hot air balloons over rocky valley at sunrise with large central balloon displaying DEDEMAN logo,ok
208,af609b8b-e77c-454a-8ae4-afaf750113cc,IMG_5173.jpg,2026-01-10T15:01,Laptop displaying physics equations next to wine bottle and Minibar sign on desk,ok
209,b0830fd9-25a3-4585-9a49-11c0ca9ad1fc,IMG_2686.JPG,2025-08-13T17:14,"Indoor pool with reflective metallic ceiling panels, linear recessed lights, and black wall-mounted jets",ok
210,b0bbea12-0cca-4a09-a7cc-c01460fa8064,IMG_3691.JPG,2025-09-26T17:41,Sliced glossy roasted duck over white rice with chopped green onions and pale cabbage on a round white plate with a metal spoon.,query_generation_error
211,b1e0791a-0134-4ddd-b032-64ddfe3a902d,IMG_4076.JPG,2025-10-18T13:30,Waterfall cascading down rocky cliff with three hikers navigating boulders at base,ok
212,b1f08290-301f-4f01-bd01-49725bd38dfe,IMG_3598.JPG,2025-09-21T12:39,Three-arch stone viaduct over river with white rowboats docked in foreground right,ok
213,b492d93c-f6e1-4d91-b7a8-8a81771898cd,IMG_4261.JPG,2025-10-31T00:46,Open laptop playing video with Chinese subtitles next to red Budweiser can,ok
214,b51c2394-ea9a-4952-bf2f-8a3f4810f956,IMG_3469.JPG,2025-09-17T14:41,White bowl of blackberries in foreground with slice of brown bread on plate behind,ok
215,b68f1138-e08f-400a-bb4a-f221b7414a74,IMG_2700.JPG,2025-08-13T19:02,City skyline at dusk featuring tall pointed glass skyscraper and SPDBANK building above street,ok
216,b74753cf-990c-4a43-bd13-74db0ec49cd4,IMG_2698.JPG,2025-08-13T18:25,Hazy city skyline view through glass window with black Westin logo text,ok
217,b8e20d87-d4ad-4040-a53c-a6ca8464139c,DSCF0538.JPG,2025-12-25T15:42,Rotated vertical street view of stone buildings with red barriers and distant green spire,ok
218,bc259781-fffc-4327-869e-869ed99eb4e5,IMG_3596.JPG,2025-09-21T11:53,Burger with wooden skewer and metal bucket of fries on square white plate,ok
219,bcc859de-382b-44d6-937a-ba7c95d9f7ce,IMG_5715.jpg,2026-01-21T18:54,"Hand holding champagne flute with blue liquid, sugar rim, and strawberry slice on wooden slats",ok
220,bd634513-5106-4f55-a0c1-82ca4cc5104f,IMG_4218.JPG,2025-10-27T11:57,Sesame seed burger in open white box beside tipped red fries carton on black tray with Indonesia menu,ok
221,bda4e514-af60-4e58-bc5f-03bf0ef7ef38,IMG_4805.jpg,2025-12-17T14:55,Headless winged marble statue standing on stone ship prow pedestal against beige block wall,ok
222,bea2013b-8642-4673-8240-7e44105ab69b,IMG_4074.JPG,2025-10-18T13:25,Hiker in grey hoodie with yellow keychain walking on gravel path beside low stone wall,ok
223,beb0709f-c754-4d5c-9470-bc633c3adbbe,DSCF0888.JPG,2026-02-15T11:12,Rotated storefront with two orange and white ice cream cone signs above black door,ok
224,bf784f25-e6d0-4e7c-9c81-ba875e23c687,IMG_4992.jpg,2025-12-24T16:40,"Night street scene with tall illuminated drop tower, purple lit gothic monument, and equestrian statue",ok
225,bf9f645a-9e10-49ea-a49e-e716644c0667,59.jpg,2026-07-11T14:27,"Low angle view from wooden table surface showing bed with striped cover, teal wall, and hallway with hanging white jacket",ok
226,c12801ce-80e3-4c0c-adf6-8be6b16b4ad0,IMG_3536.JPG,2025-09-21T10:38,Blue and white train crossing stone arch viaduct over river with church spire,ok
227,c1570857-41be-41cc-96f5-744e209f3284,IMG_6978.jpg,2026-06-05T14:17,White chalk cliffs viewed over garden with white iris flowers and small wind turbine,ok
228,c16fb33a-c3bb-42f9-a971-d298f43ed7b9,IMG_2671.JPG,2025-08-13T11:56,"Dim sum table featuring bamboo steamer with three green buns, tripe topped with red and green chili slices, and red rice rolls beside a four-compartment sauce dish.",query_generation_error
229,c28b4e5e-1473-4e00-9832-a1b44ce263d4,IMG_2726.JPG,2025-08-13T21:00,Jazz band performing on red-lit stage beside woman in white dress and sneakers,ok
230,c485a29d-1478-486d-93ba-79232d7371d2,136.jpg,2026-07-12T21:24,"Narrow hallway with blue left wall, white right doors, dark carpet, and distant beige door",ok
231,c61663c8-02c5-4c3b-911e-b4d0353f88c5,62.jpg,2026-07-11T14:30,First-person view of hands spreading red sauce on toast next to a blue Flora butter tub and stainless steel cabinet handles,query_generation_error
232,c6816996-d3d1-415d-94a0-43c30cd17582,58.jpg,2026-07-11T14:25,Low angle wood table with white paper towel roll and distant hallway door,ok
233,c6d6a02e-c9cf-4e8b-ae20-7d05de9aa43b,IMG_6210.jpg,2026-03-28T15:03,Blue diamond tiled courtyard with three stacked wooden windows and white safety net,ok
234,c9260094-331e-4430-859c-c42c900c4a86,1.jpg,2026-07-09T18:12,Motion blurred woman in white top using laptop on yellow sofa with floral pillow,ok
235,ca421ea8-1be8-40c9-9494-ad669443cf28,IMG_3850.JPG,2025-10-05T14:42,Wooden shelf displaying rows of colorful ceramic ghost figurines against red curtain backdrop,ok
236,cad17ce5-5822-4a81-aefd-1c990542b53c,17.jpg,2026-07-10T15:59,Blue smartphone on beige sofa foreground with bloomin lovely screen and rainbow bunting in background,ok
237,caf1f3d4-baa2-4d47-a187-cbb8fbaf2090,IMG_6728.jpg,2026-04-23T16:51,White egret with long head plumes walking on mossy rocks near bubbling water,ok
238,cb1d5777-a9ab-4155-8bfe-d8acf95f4283,86.jpg,2026-07-11T15:23,First-person view of hands holding black smartphone with physical keyboard on paved path,ok
239,cce42356-c98d-45b5-91c8-6ae2335fd8f9,IMG_4098.JPG,2025-10-18T15:01,Brown and white cow with yellow ear tag urinating behind wire fence,ok
240,cea22c4d-48dd-4ab6-9e6e-2e547e3cea49,IMG_6659.jpg,2026-04-22T15:07,"Stone statue of veiled woman in profile with hands clasped near face, framed by rough tree bark on left and St. Peter's Basilica dome in background.",query_generation_error
241,cf091929-cfc8-4e42-abe8-a05f38b3b93c,IMG_5812.jpg,2026-02-14T15:41,Gothic chapel with twin towers beside white classical building viewed from river,ok
242,d004e4dd-39b1-4a12-a289-a958cdd75970,IMG_5822.jpg,2026-02-14T16:28,Peter Rabbit boat diorama with standing punter figure and red rose lying on glass,ok
243,d075f040-a468-4e2f-8be5-cc6a31b86fcd,IMG_5245.jpg,2026-01-18T12:58,Turquoise glacial river flowing over dark stepped basalt rocks with white ice patches,ok
244,d16549e1-0265-4f00-adc1-898f393b15c9,DSCF0619.JPG,2026-01-18T15:01,Wide horseshoe waterfall cascading over dark layered basalt cliffs into turbulent white water under overcast sky,query_generation_error
245,d1d5d2b7-089f-425c-a50c-d06a074b7915,IMG_6027.jpg,2026-03-16T00:47,White fluffy bunny slippers with blue eyes next to white and navy sneakers,ok
246,d1d665d1-c285-43cd-80bc-b770f379ff00,IMG_4796.jpg,2025-12-17T14:32,White marble winged horse statue rearing under glass pyramid ceiling,ok
247,d291d353-9ba9-4117-b192-a7a5fc0dc518,IMG_2674.JPG,2025-08-13T12:37,Yellow pig-shaped dumpling held by black chopsticks over white spoon and silver-rimmed plate,ok
248,d30676ee-1ccc-490e-b8d0-1d19f4487d62,IMG_4606.jpg,2025-12-16T14:02,Low angle view of winged female sculpture holding sword aloft on stone arch pillar against blue sky,query_generation_error
249,d5370587-2cf2-4ee7-a307-fb2f98d715a2,DSCF0098.JPG,2025-12-16T13:02,Low angle view of white stone relief sculpture on arch pillar featuring winged figure holding spears against blue sky,query_generation_error
250,d5e476fe-7a2a-4444-8eea-ce74c9acd496,IMG_6996.jpg,2026-06-05T16:23,White chalk cliffs curving along coast with green grass top and distant lighthouse,ok
251,da9c33d1-aa25-4591-abaa-107acfaf7d18,IMG_6698.jpg,2026-04-23T15:40,White Polizia Locale boat on canal approaching bridge with Biennale Arte banner,ok
252,dac33b53-9dbe-4d28-8072-6b3ba7c9f654,IMG_3661.JPG,2025-09-25T09:39,Star Trac treadmill console displaying E WORKOUT with black cup holder and red stop key,ok
253,dde4970f-ae07-4418-89ab-73dd0fcd2f09,IMG_3635.JPG,2025-09-23T12:05,"Buffet line featuring large tray of bone-in meat, beef stew with carrots, and server in black floral shirt using red-handled tongs.",query_generation_error
254,de425751-0dd6-40ee-b55e-26be193b1f01,IMG_4174.JPG,2025-10-23T17:59,Oval salami pizza with white cheese dollops and basil next to shrimp pasta bowl,ok
255,e03dd91f-0004-4f5e-b2a5-b2186792e0a1,IMG_7252.jpg,2026-07-09T17:05,Two smartwatches on wrist showing analog face and large digital 18 05 numbers,ok
256,e0598324-ff45-4127-9544-390bd1f39d11,KYQF0330.JPG,2025-10-26T13:29,"Seven people standing on grassy hill with brown heather, four raising hands against overcast sky",ok
257,e07a0a23-52ae-42a2-915f-c1bbd1c3606e,IOGZ6346.JPG,2025-10-26T18:44,Group selfie with woman in grey beanie and woman in brown beanie making peace signs,ok
258,e0c1e650-497b-4a2b-bc7e-6bd336d96f5a,IMG_3762.JPG,2025-09-28T18:25,"Black bowl ramen with wooden spoon, halved soft-boiled egg, and menu board background",ok
259,e0c5a6be-c740-4f4b-bf7a-4f857696336f,33.jpg,2026-07-10T17:29,Low angle view from wood table showing bed with white pillows and teal wall,ok
260,e0c61bc4-c791-4fec-9a86-e0d0407cf6b8,IMG_5397.jpg,2026-01-19T15:20,Textured pale blue ice surface scattered with irregular black melt holes,ok
261,e0cba372-7800-4acd-b85c-2742b17f8155,IMG_5467.jpg,2026-01-19T16:24,Person wearing lime green beanie viewed through thick textured blue ice block,ok
262,e11d56e1-f3da-45ad-bf69-63f1aaefe9af,IMG_5251.jpg,2026-01-18T13:51,Steaming geothermal pool with central water splash and foreground rope barrier,ok
263,e17476e9-9a1c-44e3-9c08-1fff3d0fa157,IMG_5395.jpg,2026-01-19T15:19,Blue ice surface with scattered black debris and rippled texture in upper section,ok
264,e1ee6819-a127-4055-a399-d888545100e6,IMG_5176.jpg,2026-01-10T20:09,Concert stage with large screen displaying orange silhouette and vertical Chinese text,ok
265,e3613857-bf41-46c2-b3d7-defe17690888,IMG_3467.JPG,2025-09-17T12:31,Refrigerator shelf with green tea bottle above two yellow lemon iced tea bottles next to KSF Green Tea price tag,ok
266,e3bf40e5-c5b7-4d55-91cf-11c9cb6b0df5,IMG_3602.JPG,2025-09-21T12:53,Curved paved path with black bench beside large dark reddish-brown leafed tree on green lawn,ok
267,e3e6c8dd-fd37-4d63-a40d-6f55f5de8029,IMG_7226.jpg,2026-07-07T05:57,Selfie of man with glasses and sun flare behind head among hot air balloons,ok
268,e483e43e-3fa3-438d-b60c-5bd473c84e5f,IMG_6578.jpg,2026-04-20T16:42,Man in red cap and plaid shirt standing on cobblestones before Pantheon columns,query_generation_error
269,e645a125-28de-44ec-bb37-4490d774c7a9,IMG_3636.JPG,2025-09-23T12:07,"Black compartmentalized tray with rice, braised chicken, minced meat peas, cabbage, and fish",ok
270,e902a4a5-acd0-4860-bf12-89dcb9aff713,IMG_4373.JPG,2025-11-08T18:48,"Table setting with celery chicken in plastic container, tomato eggs, glazed wings, and illustrated mug",ok
271,e91be015-888f-4fcb-a11e-85e3467d9e12,IMG_7222.jpg,2026-07-07T05:45,Large grey hot air balloon with red base floating above rocky valley landscape,ok
272,e9c0e35f-fa72-474d-af60-c9ca570d747e,IMG_E4180.JPG,2025-10-24T12:53,Fried rice with peas and egg in black pan featuring single sausage and wooden spatula,ok
273,ea850a0d-7af1-45f0-969c-8eccff02fd9c,IMG_4187.JPG,2025-10-25T16:29,White digital shelf label displaying Quechua Bag NH Arpenaz 10L Blue price £6.99,ok
274,ec884230-1eac-41e1-86a1-2957d167e388,IMG_2699.JPG,2025-08-13T18:45,Blurry highway view at sunset featuring a circular 40 speed limit sign on the left and a large glass building on the right.,query_generation_error
275,eccbd838-624a-4529-8c89-cde6915d2a96,IMG_6699.jpg,2026-04-23T16:09,Wide canal view with white motorboat bottom right and red awnings on right bank,ok
276,ed6518ac-06cf-40d1-a251-c1ed8c5d96c7,IMG_6995.jpg,2026-06-05T16:23,White chalk cliffs with green grass top and small people walking along the edge,ok
277,ede1d7b3-6890-43c7-b0ad-cc743661eeee,145.jpg,2026-07-12T21:39,First-person view of hands typing on silver laptop with blue book and purple-capped water bottle,ok
278,ee8431a3-3f7c-4484-88b2-16e790aa13e5,152.jpg,2026-07-12T21:46,"First-person view of hands typing on silver laptop on black desk mat, with glass of orange juice and purple-capped water bottle nearby",query_generation_error
279,ef9eb199-654d-4d2c-b75c-33df3141a360,IMG_4019.JPG,2025-10-17T17:47,Red tray with bucket of fried chicken and four sauce cups on printed mat,ok
280,f0645fe3-c597-4ef3-902b-fb5e124af315,IMG_3705.JPG,2025-09-28T11:01,"Rocky quarry with grassy floor, central vertical rock face, and two people sitting on rocks at far right",ok
281,f16a12fd-a852-47d1-805c-132ae57be0cb,IMG_6792.JPG,2026-04-24T15:09,"Three ornate Gothic spires topped with statues against blue sky, archway visible below left",ok
282,f17e8a3c-0f19-43c5-ac32-7dec96d4d9da,IMG_4260.JPG,2025-10-31T00:44,Opened Budweiser can with newspaper print design sitting on grey mousepad next to laptop keyboard,query_generation_error
283,f1ac6c4a-c4d0-41bb-8e08-3c5e15416190,IMG_4862.jpg,2025-12-18T13:37,Stone knight statue holding sword overhead against blue wall with red shields,ok
284,f232c23a-f963-40b6-8165-950f3df051f7,IMG_3353.JPG,2025-09-13T19:34,Airplane cabin with blue ceiling lights and seatback screen showing woman near purple portal,ok
285,f25b9b63-ddbb-4c51-8708-45ad9bd919c0,6.jpg,2026-07-09T19:08,Office cubicle desk with purple and orange 2025/26 calendar poster above a tablet playing a video showing a man in a white shirt,query_generation_error
286,f3d34dc9-d2d1-4a0f-81c7-fecca55ac5b4,IMG_7069.jpg,2026-07-04T10:59,Mosque with four minarets and golden dome finial viewed across green lawn with white fence,ok
287,f51b0a03-abb3-4640-a97e-f9fc650f0c57,IMG_3396.JPG,2025-09-14T17:33,High-angle view of cluttered bedroom with open suitcase containing red bag and white NL LOVE HOME package on floor,ok
288,f59a3018-d1a4-4db7-897d-721b0208a819,IMG_6137.jpg,2026-03-28T10:56,Hand holding square black Gaudi Barcelona stained glass souvenir against blurred city buildings and blue sky,query_generation_error
289,f61eee72-0a48-40c3-a74a-06a9182b7997,IMG_4877.jpg,2025-12-18T15:50,Ornate building facade with large Respect and Earth banners featuring crying eye art above carousel,ok
290,f691ff24-1bf3-4081-8d75-2f45c3f92f17,IMG_3347.JPG,2025-09-13T17:30,Airport tarmac view through window with red backpack on luggage cart and China Airlines plane,ok
291,f6d0b3a6-f409-47e3-8f12-dcc9a376f4b7,IMG_6296.jpg,2026-03-30T13:37,Seafood paella with two langoustines in black pan next to creamy white dish and salad,ok
292,f8f67489-63b8-453c-b096-26e6ee79c364,47.jpg,2026-07-10T22:37,Blurry pink fingers obscuring top of frame above dorm room desk and bed,ok
293,f94327c0-72f5-4fcb-bc47-930869a68014,IMG_5688.jpg,2026-01-20T21:58,Vertical pink and green aurora streaks rising through starry night sky,ok
294,fa00f405-2521-4e0b-a8c2-464424ebbd6c,IMG_7229.jpg,2026-07-07T17:48,"Wooden deck with closed navy-white umbrella, beige loungers under mesh canopy, cliffside metal stairs",ok
295,fa05a0ad-3819-4b0e-9c23-dbb506a444a0,IMG_5343.jpg,2025-12-18T19:46,Display case with rows of pink Ispahan macarons and green pistachio macarons in white trays,ok
296,fa1c3183-7188-4c4f-9fb2-cd80c5849389,IMG_6025.jpg,2026-03-15T21:20,White desk with silver laptop showing code editor and white laptop displaying software flow diagram next to Ruckus device,ok
297,fce756f5-1275-4174-ae0f-daebd93735c8,IMG_4073.JPG,2025-10-18T13:21,"Green valley with layered limestone cliffs, low stone wall, and distant hikers under overcast sky",ok
298,fd87ecea-290c-46d8-a7fa-11c534a5bae3,DSCF0158.JPG,2025-12-17T12:38,Rotated vertical photo of Louvre glass pyramid and stone facade with crowd,ok
299,ffd5216c-cf0d-48d3-abce-30972e95d146,IMG_6758.jpg,2026-04-24T13:06,Giant white brain sculpture decorated with colorful flowers on a pedestal reading YOUR BRAIN WHEN YOU BELIEVE IN YOURSELF,query_generation_error
300,ffdcc075-233d-4172-b3c7-700ba1417561,IMG_5413.jpg,2026-01-19T15:34,Narrow blue ice canyon with dark wet ground and vertical crevice,ok
